<?xml version="1.0" encoding="utf-8" standalone="yes"?>
<rss version="2.0" xmlns:atom="http://www.w3.org/2005/Atom" xmlns:content="http://purl.org/rss/1.0/modules/content/">
  <channel>
    <title>Tags on Site Nacional de Skate - desde 1994</title>
    <link>https://new.sitenacionaldeskate.pt/tags/</link>
    <description>Recent content in Tags on Site Nacional de Skate - desde 1994</description>
    <image>
      <title>Site Nacional de Skate - desde 1994</title>
      <url>https://new.sitenacionaldeskate.pt/%3Clink%20or%20path%20of%20image%20for%20opengraph,%20twitter-cards%3E</url>
      <link>https://new.sitenacionaldeskate.pt/%3Clink%20or%20path%20of%20image%20for%20opengraph,%20twitter-cards%3E</link>
    </image>
    <generator>Hugo -- 0.154.5</generator>
    <language>pt-pt</language>
    <atom:link href="https://new.sitenacionaldeskate.pt/tags/index.xml" rel="self" type="application/rss+xml" />
  </channel>
</rss>
