<?xml version="1.0" encoding="utf-8" standalone="yes"?>
<rss version="2.0" xmlns:atom="http://www.w3.org/2005/Atom" xmlns:content="http://purl.org/rss/1.0/modules/content/">
  <channel>
    <title>Site Nacional de Skate - desde 1994</title>
    <link>https://new.sitenacionaldeskate.pt/</link>
    <description>Recent content on Site Nacional de Skate - desde 1994</description>
    <image>
      <title>Site Nacional de Skate - desde 1994</title>
      <url>https://new.sitenacionaldeskate.pt/%3Clink%20or%20path%20of%20image%20for%20opengraph,%20twitter-cards%3E</url>
      <link>https://new.sitenacionaldeskate.pt/%3Clink%20or%20path%20of%20image%20for%20opengraph,%20twitter-cards%3E</link>
    </image>
    <generator>Hugo -- 0.154.5</generator>
    <language>pt-pt</language>
    <lastBuildDate>Sat, 31 Jan 2026 23:26:18 +0000</lastBuildDate>
    <atom:link href="https://new.sitenacionaldeskate.pt/index.xml" rel="self" type="application/rss+xml" />
    <item>
      <title>Contacts</title>
      <link>https://new.sitenacionaldeskate.pt/contacts/</link>
      <pubDate>Sat, 31 Jan 2026 23:26:18 +0000</pubDate>
      <guid>https://new.sitenacionaldeskate.pt/contacts/</guid>
      <description></description>
    </item>
    <item>
      <title>Partners</title>
      <link>https://new.sitenacionaldeskate.pt/partners/</link>
      <pubDate>Sat, 31 Jan 2026 23:26:13 +0000</pubDate>
      <guid>https://new.sitenacionaldeskate.pt/partners/</guid>
      <description>&lt;h3 id=&#34;parcerias&#34;&gt;PARCERIAS&lt;/h3&gt;
&lt;p&gt;Para alguma parceria de: distribuidora,skateshop, empresa, etc&amp;hellip;
&lt;img alt=&#34;parcerias&#34; loading=&#34;lazy&#34; src=&#34;https://new.sitenacionaldeskate.pt/pictures/pages/partners/parcerias.avif&#34;&gt;&lt;br&gt;
Contactem-nos através do nosso contacto comercial:&lt;/p&gt;
&lt;p&gt;&lt;a href=&#34;mailto:sitenacionaldeskate@gmail.com&#34;&gt;sitenacionaldeskate@gmail.com&lt;/a&gt;&lt;/p&gt;</description>
    </item>
    <item>
      <title>Events</title>
      <link>https://new.sitenacionaldeskate.pt/events/</link>
      <pubDate>Sat, 31 Jan 2026 23:26:07 +0000</pubDate>
      <guid>https://new.sitenacionaldeskate.pt/events/</guid>
      <description>&lt;h3 id=&#34;anunciamos-eventos&#34;&gt;ANUNCIAMOS EVENTOS&lt;/h3&gt;
&lt;p&gt; Queres que o teu evento seja divulgado no nosso Site?&lt;/p&gt;
&lt;p&gt;&lt;img alt=&#34;eventos&#34; loading=&#34;lazy&#34; src=&#34;https://new.sitenacionaldeskate.pt/pictures/pages/events/eventos.avif&#34;&gt;&lt;/p&gt;
&lt;p&gt;Entra em &lt;a href=&#34;https://new.sitenacionaldeskate.pt/contacts&#34;&gt;contacto&lt;/a&gt; connosco.&lt;/p&gt;</description>
    </item>
    <item>
      <title>Skate Spots</title>
      <link>https://new.sitenacionaldeskate.pt/skate-spots/</link>
      <pubDate>Sat, 31 Jan 2026 23:20:58 +0000</pubDate>
      <guid>https://new.sitenacionaldeskate.pt/skate-spots/</guid>
      <description></description>
    </item>
    <item>
      <title>Skateparks World</title>
      <link>https://new.sitenacionaldeskate.pt/skateparks-world/</link>
      <pubDate>Sat, 31 Jan 2026 23:20:51 +0000</pubDate>
      <guid>https://new.sitenacionaldeskate.pt/skateparks-world/</guid>
      <description>&lt;iframe src=&#34;https://www.google.com/maps/d/embed?mid=1d3FyUTTwmUrTDoBpY0111r6OYAB145Fx&amp;ehbc=2E312F&#34; width=&#34;640&#34; height=&#34;480&#34; frameborder=&#34;0&#34; style=&#34;border:0&#34; allowfullscreen&gt;&lt;/iframe&gt;</description>
    </item>
    <item>
      <title>Skateparks PT</title>
      <link>https://new.sitenacionaldeskate.pt/skateparks-pt/</link>
      <pubDate>Sat, 31 Jan 2026 23:19:23 +0000</pubDate>
      <guid>https://new.sitenacionaldeskate.pt/skateparks-pt/</guid>
      <description>&lt;iframe src=&#34;https://www.google.com/maps/d/embed?mid=1R8uVQQ5GAZZ4fzO2krFuRaD5qDG2AEY&amp;ehbc=2E312F&#34; width=&#34;640&#34; height=&#34;480&#34; frameborder=&#34;0&#34; style=&#34;border:0&#34; allowfullscreen&gt;&lt;/iframe&gt;</description>
    </item>
    <item>
      <title>XX</title>
      <link>https://new.sitenacionaldeskate.pt/posts/xx/</link>
      <pubDate>Sat, 31 Jan 2026 22:41:28 +0000</pubDate>
      <guid>https://new.sitenacionaldeskate.pt/posts/xx/</guid>
      <description>&lt;p&gt;XX, é a nova part do &lt;strong&gt;David Loy&lt;/strong&gt;, na Birdhouse. Confirmem ai.&lt;/p&gt;
&lt;div style=&#34;position: relative; padding-bottom: 56.25%; height: 0; overflow: hidden;&#34;&gt;
      &lt;iframe allow=&#34;accelerometer; autoplay; clipboard-write; encrypted-media; gyroscope; picture-in-picture; web-share; fullscreen&#34; loading=&#34;eager&#34; referrerpolicy=&#34;strict-origin-when-cross-origin&#34; src=&#34;https://www.youtube.com/embed/Q5NFvqbXVbQ?autoplay=0&amp;amp;controls=1&amp;amp;end=0&amp;amp;loop=0&amp;amp;mute=0&amp;amp;start=0&#34; style=&#34;position: absolute; top: 0; left: 0; width: 100%; height: 100%; border:0;&#34; title=&#34;YouTube video&#34;&gt;&lt;/iframe&gt;
    &lt;/div&gt;

&lt;p&gt;&lt;strong&gt;&lt;em&gt;Para estar a par da atualidade sobre todas as modalidades do Skate nacional e internacional, mapa de SkateParks e SkateSpots visita o nosso&lt;/em&gt;&lt;/strong&gt; &lt;a href=&#34;http://sitenacionaldeskate.pt/&#34;&gt;&lt;strong&gt;&lt;em&gt;site&lt;/em&gt;&lt;/strong&gt;&lt;/a&gt; &lt;strong&gt;&lt;em&gt;e segue o nosso Instagram&lt;/em&gt;&lt;/strong&gt; &lt;a href=&#34;https://www.instagram.com/sitenacionaldeskate/&#34;&gt;&lt;strong&gt;&lt;em&gt;@sitenacionaldeskate&lt;/em&gt;&lt;/strong&gt;&lt;/a&gt;&lt;/p&gt;
&lt;p&gt;&lt;strong&gt;&lt;em&gt;Site Nacional de Skate a noticiar a atualidade de todas as modalidades de skateboarding desde 1994.&lt;/em&gt;&lt;/strong&gt;&lt;/p&gt;</description>
    </item>
    <item>
      <title>Ishin Denshin</title>
      <link>https://new.sitenacionaldeskate.pt/posts/ishin-denshin/</link>
      <pubDate>Sat, 31 Jan 2026 01:08:53 +0000</pubDate>
      <guid>https://new.sitenacionaldeskate.pt/posts/ishin-denshin/</guid>
      <description>&lt;p&gt;Ishin Denshin, é o novo Full Length da Carhartt WIP. Conta com os seguintes skaters: &lt;strong&gt;Noah Mahieu, Kyonosuke Yamashita, Max Palmer, Eetu Toropainen, Yuma Takei, Kelly Ishihara, Tanner Burzinski, Willow Voges Fernandes, Amélien Foures, Raphael Langslow&lt;/strong&gt; e &lt;strong&gt;Eddie Cernicky&lt;/strong&gt;. Confirmem ai.&lt;/p&gt;
&lt;div style=&#34;position: relative; padding-bottom: 56.25%; height: 0; overflow: hidden;&#34;&gt;
      &lt;iframe allow=&#34;accelerometer; autoplay; clipboard-write; encrypted-media; gyroscope; picture-in-picture; web-share; fullscreen&#34; loading=&#34;eager&#34; referrerpolicy=&#34;strict-origin-when-cross-origin&#34; src=&#34;https://www.youtube.com/embed/Vg1oYLNgpLU?autoplay=0&amp;amp;controls=1&amp;amp;end=0&amp;amp;loop=0&amp;amp;mute=0&amp;amp;start=0&#34; style=&#34;position: absolute; top: 0; left: 0; width: 100%; height: 100%; border:0;&#34; title=&#34;YouTube video&#34;&gt;&lt;/iframe&gt;
    &lt;/div&gt;

&lt;p&gt;&lt;strong&gt;&lt;em&gt;Para estar a par da atualidade sobre todas as modalidades do Skate nacional e internacional, mapa de SkateParks e SkateSpots visita o nosso&lt;/em&gt;&lt;/strong&gt; &lt;a href=&#34;http://sitenacionaldeskate.pt/&#34;&gt;&lt;strong&gt;&lt;em&gt;site&lt;/em&gt;&lt;/strong&gt;&lt;/a&gt; &lt;strong&gt;&lt;em&gt;e segue o nosso Instagram&lt;/em&gt;&lt;/strong&gt; &lt;a href=&#34;https://www.instagram.com/sitenacionaldeskate/&#34;&gt;&lt;strong&gt;&lt;em&gt;@sitenacionaldeskate&lt;/em&gt;&lt;/strong&gt;&lt;/a&gt;&lt;/p&gt;</description>
    </item>
  </channel>
</rss>
