[{"content":"","permalink":"https://new.sitenacionaldeskate.pt/contacts/","summary":"","title":"Contacts"},{"content":"PARCERIAS Para alguma parceria de: distribuidora,skateshop, empresa, etc\u0026hellip; Contactem-nos através do nosso contacto comercial:\nsitenacionaldeskate@gmail.com\n","permalink":"https://new.sitenacionaldeskate.pt/partners/","summary":"\u003ch3 id=\"parcerias\"\u003ePARCERIAS\u003c/h3\u003e\n\u003cp\u003ePara alguma parceria de: distribuidora,skateshop, empresa, etc\u0026hellip;\n\u003cimg alt=\"parcerias\" loading=\"lazy\" src=\"/pictures/pages/partners/parcerias.avif\"\u003e\u003cbr\u003e\nContactem-nos através do nosso contacto comercial:\u003c/p\u003e\n\u003cp\u003e\u003ca href=\"mailto:sitenacionaldeskate@gmail.com\"\u003esitenacionaldeskate@gmail.com\u003c/a\u003e\u003c/p\u003e","title":"Partners"},{"content":"ANUNCIAMOS EVENTOS Queres que o teu evento seja divulgado no nosso Site?\nEntra em contacto connosco.\n","permalink":"https://new.sitenacionaldeskate.pt/events/","summary":"\u003ch3 id=\"anunciamos-eventos\"\u003eANUNCIAMOS EVENTOS\u003c/h3\u003e\n\u003cp\u003e Queres que o teu evento seja divulgado no nosso Site?\u003c/p\u003e\n\u003cp\u003e\u003cimg alt=\"eventos\" loading=\"lazy\" src=\"/pictures/pages/events/eventos.avif\"\u003e\u003c/p\u003e\n\u003cp\u003eEntra em \u003ca href=\"/contacts\"\u003econtacto\u003c/a\u003e connosco.\u003c/p\u003e","title":"Events"},{"content":"","permalink":"https://new.sitenacionaldeskate.pt/skate-spots/","summary":"","title":"Skate Spots"},{"content":" ","permalink":"https://new.sitenacionaldeskate.pt/skateparks-world/","summary":"\u003ciframe src=\"https://www.google.com/maps/d/embed?mid=1d3FyUTTwmUrTDoBpY0111r6OYAB145Fx\u0026ehbc=2E312F\" width=\"640\" height=\"480\" frameborder=\"0\" style=\"border:0\" allowfullscreen\u003e\u003c/iframe\u003e","title":"Skateparks World"},{"content":" ","permalink":"https://new.sitenacionaldeskate.pt/skateparks-pt/","summary":"\u003ciframe src=\"https://www.google.com/maps/d/embed?mid=1R8uVQQ5GAZZ4fzO2krFuRaD5qDG2AEY\u0026ehbc=2E312F\" width=\"640\" height=\"480\" frameborder=\"0\" style=\"border:0\" allowfullscreen\u003e\u003c/iframe\u003e","title":"Skateparks PT"},{"content":"XX, é a nova part do David Loy, na Birdhouse. Confirmem ai.\nPara estar a par da atualidade sobre todas as modalidades do Skate nacional e internacional, mapa de SkateParks e SkateSpots visita o nosso site e segue o nosso Instagram @sitenacionaldeskate\nSite Nacional de Skate a noticiar a atualidade de todas as modalidades de skateboarding desde 1994.\n","permalink":"https://new.sitenacionaldeskate.pt/posts/xx/","summary":"\u003cp\u003eXX, é a nova part do \u003cstrong\u003eDavid Loy\u003c/strong\u003e, na Birdhouse. Confirmem ai.\u003c/p\u003e\n\u003cdiv style=\"position: relative; padding-bottom: 56.25%; height: 0; overflow: hidden;\"\u003e\n      \u003ciframe allow=\"accelerometer; autoplay; clipboard-write; encrypted-media; gyroscope; picture-in-picture; web-share; fullscreen\" loading=\"eager\" referrerpolicy=\"strict-origin-when-cross-origin\" src=\"https://www.youtube.com/embed/Q5NFvqbXVbQ?autoplay=0\u0026amp;controls=1\u0026amp;end=0\u0026amp;loop=0\u0026amp;mute=0\u0026amp;start=0\" style=\"position: absolute; top: 0; left: 0; width: 100%; height: 100%; border:0;\" title=\"YouTube video\"\u003e\u003c/iframe\u003e\n    \u003c/div\u003e\n\n\u003cp\u003e\u003cstrong\u003e\u003cem\u003ePara estar a par da atualidade sobre todas as modalidades do Skate nacional e internacional, mapa de SkateParks e SkateSpots visita o nosso\u003c/em\u003e\u003c/strong\u003e \u003ca href=\"http://sitenacionaldeskate.pt/\"\u003e\u003cstrong\u003e\u003cem\u003esite\u003c/em\u003e\u003c/strong\u003e\u003c/a\u003e \u003cstrong\u003e\u003cem\u003ee segue o nosso Instagram\u003c/em\u003e\u003c/strong\u003e \u003ca href=\"https://www.instagram.com/sitenacionaldeskate/\"\u003e\u003cstrong\u003e\u003cem\u003e@sitenacionaldeskate\u003c/em\u003e\u003c/strong\u003e\u003c/a\u003e\u003c/p\u003e\n\u003cp\u003e\u003cstrong\u003e\u003cem\u003eSite Nacional de Skate a noticiar a atualidade de todas as modalidades de skateboarding desde 1994.\u003c/em\u003e\u003c/strong\u003e\u003c/p\u003e","title":"XX"},{"content":"Ishin Denshin, é o novo Full Length da Carhartt WIP. Conta com os seguintes skaters: Noah Mahieu, Kyonosuke Yamashita, Max Palmer, Eetu Toropainen, Yuma Takei, Kelly Ishihara, Tanner Burzinski, Willow Voges Fernandes, Amélien Foures, Raphael Langslow e Eddie Cernicky. Confirmem ai.\nPara estar a par da atualidade sobre todas as modalidades do Skate nacional e internacional, mapa de SkateParks e SkateSpots visita o nosso site e segue o nosso Instagram @sitenacionaldeskate\nSite Nacional de Skate a noticiar a atualidade de todas as modalidades de skateboarding desde 1994.\n","permalink":"https://new.sitenacionaldeskate.pt/posts/ishin-denshin/","summary":"\u003cp\u003eIshin Denshin, é o novo Full Length da Carhartt WIP. Conta com os seguintes skaters: \u003cstrong\u003eNoah Mahieu, Kyonosuke Yamashita, Max Palmer, Eetu Toropainen, Yuma Takei, Kelly Ishihara, Tanner Burzinski, Willow Voges Fernandes, Amélien Foures, Raphael Langslow\u003c/strong\u003e e \u003cstrong\u003eEddie Cernicky\u003c/strong\u003e. Confirmem ai.\u003c/p\u003e\n\u003cdiv style=\"position: relative; padding-bottom: 56.25%; height: 0; overflow: hidden;\"\u003e\n      \u003ciframe allow=\"accelerometer; autoplay; clipboard-write; encrypted-media; gyroscope; picture-in-picture; web-share; fullscreen\" loading=\"eager\" referrerpolicy=\"strict-origin-when-cross-origin\" src=\"https://www.youtube.com/embed/Vg1oYLNgpLU?autoplay=0\u0026amp;controls=1\u0026amp;end=0\u0026amp;loop=0\u0026amp;mute=0\u0026amp;start=0\" style=\"position: absolute; top: 0; left: 0; width: 100%; height: 100%; border:0;\" title=\"YouTube video\"\u003e\u003c/iframe\u003e\n    \u003c/div\u003e\n\n\u003cp\u003e\u003cstrong\u003e\u003cem\u003ePara estar a par da atualidade sobre todas as modalidades do Skate nacional e internacional, mapa de SkateParks e SkateSpots visita o nosso\u003c/em\u003e\u003c/strong\u003e \u003ca href=\"http://sitenacionaldeskate.pt/\"\u003e\u003cstrong\u003e\u003cem\u003esite\u003c/em\u003e\u003c/strong\u003e\u003c/a\u003e \u003cstrong\u003e\u003cem\u003ee segue o nosso Instagram\u003c/em\u003e\u003c/strong\u003e \u003ca href=\"https://www.instagram.com/sitenacionaldeskate/\"\u003e\u003cstrong\u003e\u003cem\u003e@sitenacionaldeskate\u003c/em\u003e\u003c/strong\u003e\u003c/a\u003e\u003c/p\u003e","title":"Ishin Denshin"}]