<?xml version="1.0" encoding="utf-8" standalone="yes"?>
<rss version="2.0" xmlns:atom="http://www.w3.org/2005/Atom" xmlns:content="http://purl.org/rss/1.0/modules/content/">
  <channel>
    <title>Code on Site Nacional de Skate - desde 1994</title>
    <link>http://localhost:1313/tags/code/</link>
    <description>Recent content in Code on Site Nacional de Skate - desde 1994</description>
    <image>
      <title>Site Nacional de Skate - desde 1994</title>
      <url>http://localhost:1313/%3Clink%20or%20path%20of%20image%20for%20opengraph,%20twitter-cards%3E</url>
      <link>http://localhost:1313/%3Clink%20or%20path%20of%20image%20for%20opengraph,%20twitter-cards%3E</link>
    </image>
    <generator>Hugo -- 0.154.5</generator>
    <language>pt-pt</language>
    <lastBuildDate>Sun, 10 Mar 2019 00:00:00 +0000</lastBuildDate>
    <atom:link href="http://localhost:1313/tags/code/index.xml" rel="self" type="application/rss+xml" />
    <item>
      <title>Code Syntax Guide</title>
      <link>http://localhost:1313/posts/code_syntax/</link>
      <pubDate>Sun, 10 Mar 2019 00:00:00 +0000</pubDate>
      <guid>http://localhost:1313/posts/code_syntax/</guid>
      <description>Sample article showcasing basic code syntax and formatting for HTML elements.</description>
    </item>
  </channel>
</rss>
