<?xml version="1.0" encoding="utf-8" standalone="yes"?>
<rss version="2.0" xmlns:atom="http://www.w3.org/2005/Atom" xmlns:content="http://purl.org/rss/1.0/modules/content/">
  <channel>
    <title>PaperMod on Site Nacional de Skate - desde 1994</title>
    <link>http://localhost:1313/tags/papermod/</link>
    <description>Recent content in PaperMod on Site Nacional de Skate - desde 1994</description>
    <image>
      <title>Site Nacional de Skate - desde 1994</title>
      <url>http://localhost:1313/%3Clink%20or%20path%20of%20image%20for%20opengraph,%20twitter-cards%3E</url>
      <link>http://localhost:1313/%3Clink%20or%20path%20of%20image%20for%20opengraph,%20twitter-cards%3E</link>
    </image>
    <generator>Hugo -- 0.154.5</generator>
    <language>pt-pt</language>
    <lastBuildDate>Wed, 20 Jan 2021 00:00:00 +0000</lastBuildDate>
    <atom:link href="http://localhost:1313/tags/papermod/index.xml" rel="self" type="application/rss+xml" />
    <item>
      <title>Install / Update PaperMod</title>
      <link>http://localhost:1313/posts/papermod/papermod-installation/</link>
      <pubDate>Wed, 20 Jan 2021 00:00:00 +0000</pubDate>
      <guid>http://localhost:1313/posts/papermod/papermod-installation/</guid>
      <description>Read aboout Install and Update instructions and sampled configuration templates</description>
    </item>
    <item>
      <title>Features / Mods</title>
      <link>http://localhost:1313/posts/papermod/papermod-features/</link>
      <pubDate>Wed, 20 Jan 2021 00:00:00 +0000</pubDate>
      <guid>http://localhost:1313/posts/papermod/papermod-features/</guid>
      <description>Learn About All Features in PaperMod</description>
    </item>
    <item>
      <title>FAQs / How To&#39;s Guide</title>
      <link>http://localhost:1313/posts/papermod/papermod-faq/</link>
      <pubDate>Wed, 20 Jan 2021 00:00:00 +0000</pubDate>
      <guid>http://localhost:1313/posts/papermod/papermod-faq/</guid>
      <description>We&amp;rsquo;ll try to answer frequently asked qestions by users.</description>
    </item>
    <item>
      <title>Social-Icons / Share-Icons</title>
      <link>http://localhost:1313/posts/papermod/papermod-icons/</link>
      <pubDate>Wed, 20 Jan 2021 00:00:00 +0000</pubDate>
      <guid>http://localhost:1313/posts/papermod/papermod-icons/</guid>
      <description>List of all Icons supported by PaperMod</description>
    </item>
    <item>
      <title>Variables | Front Matter</title>
      <link>http://localhost:1313/posts/papermod/papermod-variables/</link>
      <pubDate>Wed, 20 Jan 2021 00:00:00 +0000</pubDate>
      <guid>http://localhost:1313/posts/papermod/papermod-variables/</guid>
      <description>List of Front Matter variables used by PaperMod</description>
    </item>
  </channel>
</rss>
